{
  "name": "Envoy Dev",
  "dockerFile": "Dockerfile",
  "runArgs": [
    "--user=vscode",
    "--cap-add=SYS_PTRACE",
    "--cap-add=NET_RAW",
    "--cap-add=NET_ADMIN",
    "--security-opt=seccomp=unconfined",
    "--volume=${env:HOME}:${env:HOME}",
    "--volume=envoy-build:/build",
    "--network=host",
    // Uncomment next line if you have devcontainer.env
    // "--env-file=.devcontainer/devcontainer.env"
  ],
  "containerEnv": {
    "ENVOY_SRCDIR": "${containerWorkspaceFolder}",
  },
  "remoteUser": "vscode",
  "containerUser": "vscode",
  "postCreateCommand": ".devcontainer/setup.sh",
  "customizations": {
    "vscode": {
      "settings": {
        "terminal.integrated.shell.linux": "/bin/bash",
        "bazel.buildifierFixOnFormat": true,
        "clangd.path": "/opt/llvm/bin/clangd",
        "python.pythonPath": "/usr/bin/python3",
        "python.formatting.provider": "yapf",
        "python.formatting.yapfArgs": [
          "--style=${workspaceFolder}/.style.yapf"
        ],
        "files.exclude": {
          "**/.clangd/**": true,
          "**/bazel-*/**": true
        },
        "files.watcherExclude": {
          "**/.clangd/**": true,
          "**/bazel-*/**": true
        }
      },
      "extensions": [
        "github.vscode-pull-request-github",
        "zxh404.vscode-proto3",
        "bazelbuild.vscode-bazel",
        "llvm-vs-code-extensions.vscode-clangd",
        "vadimcn.vscode-lldb",
        "webfreak.debug",
        "ms-python.python"
      ]
    }
  },
}
